{
  "lightgbm": {
    "model_type": "lightgbm",
    "timestamp": "2025-11-09T03:34:53.686442+00:00",
    "n_rows": 8990,
    "n_splits": 5,
    "feature_count": 203,
    "preferred_scale": 40.0,
    "fold_metrics": [
      {
        "fold": 0,
        "mse": 0.0001459205451468198,
        "scale": 40.0,
        "scale_cv_sharpe": 0.10739873610583167,
        "sharpe": 0.047296799934646375,
        "total_return": 1.150059542433068,
        "overlay_sharpe": 0.047296799934646375,
        "overlay_total_return": 1.150059542433068,
        "overlay_mean_scale": 1.0,
        "overlay_breaches": 0,
        "std_prediction": 0.0011463762228879411,
        "std_allocation": 0.04585504891551765,
        "std_overlay_allocation": 0.04585504891551765,
        "std_guard_triggered": false,
        "model_type_used": "lightgbm"
      },
      {
        "fold": 1,
        "mse": 0.00010611526387972034,
        "scale": 40.0,
        "scale_cv_sharpe": 0.07745016106499238,
        "sharpe": 0.031239884761717965,
        "total_return": 0.5319542255571368,
        "overlay_sharpe": 0.03110737714189546,
        "overlay_total_return": 0.5269249839116152,
        "overlay_mean_scale": 0.9983632352239656,
        "overlay_breaches": 151,
        "std_prediction": 0.0005669466649714871,
        "std_allocation": 0.08885226045630966,
        "std_overlay_allocation": 0.08685811256472475,
        "std_guard_triggered": true,
        "model_type_used": "baseline"
      },
      {
        "fold": 2,
        "mse": 0.0001774680591493539,
        "scale": 40.0,
        "scale_cv_sharpe": 0.10079999070122546,
        "sharpe": 0.0266298059574627,
        "total_return": 0.519261521677653,
        "overlay_sharpe": 0.0266257827778618,
        "overlay_total_return": 0.519001098530989,
        "overlay_mean_scale": 0.999940611323595,
        "overlay_breaches": 13,
        "std_prediction": 0.0019814603816196647,
        "std_allocation": 0.0792584152647866,
        "std_overlay_allocation": 0.07913887244025472,
        "std_guard_triggered": false,
        "model_type_used": "lightgbm"
      },
      {
        "fold": 3,
        "mse": 7.295151697132827e-05,
        "scale": 40.0,
        "scale_cv_sharpe": 0.10720600167603339,
        "sharpe": 0.05900301639036955,
        "total_return": 0.971859021903646,
        "overlay_sharpe": 0.05900301639036955,
        "overlay_total_return": 0.971859021903646,
        "overlay_mean_scale": 1.0,
        "overlay_breaches": 0,
        "std_prediction": 0.0021716699049037845,
        "std_allocation": 0.08686679619615138,
        "std_overlay_allocation": 0.08686679619615138,
        "std_guard_triggered": false,
        "model_type_used": "lightgbm"
      },
      {
        "fold": 4,
        "mse": 0.00013639610519216048,
        "scale": 40.0,
        "scale_cv_sharpe": 0.041421538646632686,
        "sharpe": 0.054823741057338164,
        "total_return": 1.42688729610451,
        "overlay_sharpe": 0.05528185845749269,
        "overlay_total_return": 1.428385513564618,
        "overlay_mean_scale": 0.9989728080854068,
        "overlay_breaches": 37,
        "std_prediction": 0.00013725793880812207,
        "std_allocation": 0.0979745135836129,
        "std_overlay_allocation": 0.09501541785602141,
        "std_guard_triggered": true,
        "model_type_used": "baseline"
      }
    ],
    "oof_metrics": {
      "mse": 0.00012777029806787654,
      "sharpe": 0.041770748505722016,
      "overlay_sharpe": 0.04182063366443195,
      "overlay_total_return": 22.879199921746828
    },
    "std_deviation": {
      "predictions": 0.0024218659131446515,
      "allocations": 0.09687463652578605,
      "overlay_allocations": 0.0955559539727535
    },
    "std_guard": {
      "threshold": 0.01,
      "fallback_model": "baseline",
      "min_scale": 35.0,
      "triggered_folds": 2
    },
    "overlay_config": {
      "lookback": 63,
      "min_periods": 21,
      "volatility_cap": 1.2
    }
  },
  "baseline": {
    "model_type": "baseline",
    "timestamp": "2025-11-09T02:29:14.995727+00:00",
    "n_rows": 899,
    "n_splits": 3,
    "feature_count": 193,
    "preferred_scale": 40.0,
    "fold_metrics": [
      {
        "fold": 0,
        "mse": 0.0001393303835549669,
        "scale": 40.0,
        "scale_cv_sharpe": 0.15517527052140756,
        "sharpe": -0.033658966048254545,
        "total_return": -0.09546274109342112,
        "overlay_sharpe": -0.033658966048254545,
        "overlay_total_return": -0.09546274109342112,
        "overlay_mean_scale": 1.0,
        "overlay_breaches": 0,
        "std_prediction": 0.00204445311905508,
        "std_allocation": 0.08177812476220318,
        "std_overlay_allocation": 0.08177812476220318,
        "std_guard_triggered": true,
        "model_type_used": "baseline"
      },
      {
        "fold": 1,
        "mse": 0.00014771507992641998,
        "scale": 40.0,
        "scale_cv_sharpe": 0.17250361519535662,
        "sharpe": 0.05958927673758276,
        "total_return": 0.1512408702115171,
        "overlay_sharpe": 0.05958927673758276,
        "overlay_total_return": 0.1512408702115171,
        "overlay_mean_scale": 1.0,
        "overlay_breaches": 0,
        "std_prediction": 0.0026313727705220497,
        "std_allocation": 0.105254910820882,
        "std_overlay_allocation": 0.105254910820882,
        "std_guard_triggered": true,
        "model_type_used": "baseline"
      },
      {
        "fold": 2,
        "mse": 0.00012277605711074596,
        "scale": 40.0,
        "scale_cv_sharpe": 0.1516783580019276,
        "sharpe": 0.013776972590771602,
        "total_return": 0.02071851919420542,
        "overlay_sharpe": 0.009943401101618506,
        "overlay_total_return": 0.010995304895087266,
        "overlay_mean_scale": 0.9870929096402018,
        "overlay_breaches": 32,
        "std_prediction": 0.0033085214775329047,
        "std_allocation": 0.13234085910131618,
        "std_overlay_allocation": 0.12984657206200867,
        "std_guard_triggered": true,
        "model_type_used": "baseline"
      }
    ],
    "oof_metrics": {
      "mse": 0.00013660717353071095,
      "sharpe": 0.013662729583077538,
      "overlay_sharpe": 0.012424832077034277,
      "overlay_total_return": 0.052790114752479855
    },
    "std_deviation": {
      "predictions": 0.0027372730248353626,
      "allocations": 0.1094909209934145,
      "overlay_allocations": 0.10944484904133032
    },
    "std_guard": {
      "threshold": 0.01,
      "fallback_model": "baseline",
      "min_scale": 35.0,
      "triggered_folds": 3
    },
    "overlay_config": {
      "lookback": 63,
      "min_periods": 21,
      "volatility_cap": 1.2
    }
  }
}