{
  "lightgbm": {
    "model_type": "lightgbm",
    "timestamp": "2025-11-10T14:23:46.041333+00:00",
    "n_rows": 8990,
    "n_splits": 3,
    "feature_count": 261,
    "preferred_scale": 94.01032879730322,
    "fold_metrics": [
      {
        "fold": 0,
        "mse": 0.00012407330144887193,
        "scale": 94.01032879730322,
        "scale_cv_sharpe": 0.12091087232174667,
        "sharpe": 0.02285503637163715,
        "total_return": 0.5932222768479745,
        "overlay_sharpe": 0.02278778224107242,
        "overlay_total_return": 0.5886450342246865,
        "overlay_mean_scale": 0.9986492522646592,
        "overlay_breaches": 120,
        "std_prediction": 0.0009111788126627676,
        "std_allocation": 0.13620724770221518,
        "std_overlay_allocation": 0.13499307316940012,
        "std_guard_triggered": true,
        "model_type_used": "lightgbm"
      },
      {
        "fold": 1,
        "mse": 0.00014279284859922841,
        "scale": 78.08595001677368,
        "scale_cv_sharpe": 0.11094392713047027,
        "sharpe": 0.031802717139118156,
        "total_return": 1.172371312710344,
        "overlay_sharpe": 0.03223487355945013,
        "overlay_total_return": 1.1851440996805427,
        "overlay_mean_scale": 0.9963949346090171,
        "overlay_breaches": 303,
        "std_prediction": 0.0012433978727232578,
        "std_allocation": 0.13308930007812547,
        "std_overlay_allocation": 0.12890646326541605,
        "std_guard_triggered": true,
        "model_type_used": "lightgbm"
      },
      {
        "fold": 2,
        "mse": 0.00010929426215198931,
        "scale": 126.5724495545564,
        "scale_cv_sharpe": 0.08197698702774753,
        "sharpe": 0.05580135947696847,
        "total_return": 2.732611773047432,
        "overlay_sharpe": 0.056087151990300364,
        "overlay_total_return": 2.6807894558736067,
        "overlay_mean_scale": 0.9962236950488892,
        "overlay_breaches": 119,
        "std_prediction": 0.0009965489107758713,
        "std_allocation": 0.18218636931558493,
        "std_overlay_allocation": 0.17960146424457857,
        "std_guard_triggered": true,
        "model_type_used": "lightgbm"
      }
    ],
    "oof_metrics": {
      "mse": 0.00012538680406669653,
      "sharpe": 0.03617938483189137,
      "overlay_sharpe": 0.03632421223424881,
      "overlay_total_return": 11.77755996030908
    },
    "std_deviation": {
      "predictions": 0.001580088824333738,
      "allocations": 0.1549167278470852,
      "overlay_allocations": 0.1524941797684637
    },
    "std_guard": {
      "threshold": 0.02,
      "fallback_model": "baseline",
      "min_scale": 25.0,
      "triggered_folds": 3
    },
    "overlay_config": {
      "lookback": 63,
      "min_periods": 21,
      "volatility_cap": 1.2
    },
    "pipeline_config": {
      "clip_quantile": 0.01,
      "missing_indicator_threshold": 0.05,
      "standardize": true,
      "dtype": "float32",
      "extra_group_stats": true,
      "enable_feature_selection": false,
      "max_features": 300,
      "stateful": true,
      "stateful_max_history": 256
    },
    "pipeline_config_hash": "877989c84486f6c52bae306f0ff126b0f8e8da6b732500b4f600a31d580c15ec",
    "augment_data": false,
    "augmentation_factor": 0.0
  },
  "baseline": {
    "model_type": "baseline",
    "timestamp": "2025-11-09T02:29:14.995727+00:00",
    "n_rows": 899,
    "n_splits": 3,
    "feature_count": 193,
    "preferred_scale": 40.0,
    "fold_metrics": [
      {
        "fold": 0,
        "mse": 0.0001393303835549669,
        "scale": 40.0,
        "scale_cv_sharpe": 0.15517527052140756,
        "sharpe": -0.033658966048254545,
        "total_return": -0.09546274109342112,
        "overlay_sharpe": -0.033658966048254545,
        "overlay_total_return": -0.09546274109342112,
        "overlay_mean_scale": 1.0,
        "overlay_breaches": 0,
        "std_prediction": 0.00204445311905508,
        "std_allocation": 0.08177812476220318,
        "std_overlay_allocation": 0.08177812476220318,
        "std_guard_triggered": true,
        "model_type_used": "baseline"
      },
      {
        "fold": 1,
        "mse": 0.00014771507992641998,
        "scale": 40.0,
        "scale_cv_sharpe": 0.17250361519535662,
        "sharpe": 0.05958927673758276,
        "total_return": 0.1512408702115171,
        "overlay_sharpe": 0.05958927673758276,
        "overlay_total_return": 0.1512408702115171,
        "overlay_mean_scale": 1.0,
        "overlay_breaches": 0,
        "std_prediction": 0.0026313727705220497,
        "std_allocation": 0.105254910820882,
        "std_overlay_allocation": 0.105254910820882,
        "std_guard_triggered": true,
        "model_type_used": "baseline"
      },
      {
        "fold": 2,
        "mse": 0.00012277605711074596,
        "scale": 40.0,
        "scale_cv_sharpe": 0.1516783580019276,
        "sharpe": 0.013776972590771602,
        "total_return": 0.02071851919420542,
        "overlay_sharpe": 0.009943401101618506,
        "overlay_total_return": 0.010995304895087266,
        "overlay_mean_scale": 0.9870929096402018,
        "overlay_breaches": 32,
        "std_prediction": 0.0033085214775329047,
        "std_allocation": 0.13234085910131618,
        "std_overlay_allocation": 0.12984657206200867,
        "std_guard_triggered": true,
        "model_type_used": "baseline"
      }
    ],
    "oof_metrics": {
      "mse": 0.00013660717353071095,
      "sharpe": 0.013662729583077538,
      "overlay_sharpe": 0.012424832077034277,
      "overlay_total_return": 0.052790114752479855
    },
    "std_deviation": {
      "predictions": 0.0027372730248353626,
      "allocations": 0.1094909209934145,
      "overlay_allocations": 0.10944484904133032
    },
    "std_guard": {
      "threshold": 0.01,
      "fallback_model": "baseline",
      "min_scale": 35.0,
      "triggered_folds": 3
    },
    "overlay_config": {
      "lookback": 63,
      "min_periods": 21,
      "volatility_cap": 1.2
    }
  }
}