{
  "lightgbm": {
    "model_type": "lightgbm",
    "timestamp": "2025-11-09T06:33:21.811568+00:00",
    "n_rows": 8990,
    "n_splits": 5,
    "feature_count": 261,
    "preferred_scale": 40.0,
    "fold_metrics": [
      {
        "fold": 0,
        "mse": 0.00014555870211161706,
        "scale": 40.0,
        "scale_cv_sharpe": 0.09125829085047814,
        "sharpe": 0.04655980172832806,
        "total_return": 1.1080870118449213,
        "overlay_sharpe": 0.04655980172832806,
        "overlay_total_return": 1.1080870118449213,
        "overlay_mean_scale": 1.0,
        "overlay_breaches": 0,
        "std_prediction": 0.0001841405581647293,
        "std_allocation": 0.014318617040944618,
        "std_overlay_allocation": 0.014318617040944618,
        "std_guard_triggered": true,
        "model_type_used": "lightgbm"
      },
      {
        "fold": 1,
        "mse": 9.66024812684151e-05,
        "scale": 40.0,
        "scale_cv_sharpe": 0.08372155051326034,
        "sharpe": 0.028282810372130186,
        "total_return": 0.4229694375403199,
        "overlay_sharpe": 0.028282810372130186,
        "overlay_total_return": 0.4229694375403199,
        "overlay_mean_scale": 1.0,
        "overlay_breaches": 0,
        "std_prediction": 0.0007305430149851869,
        "std_allocation": 0.029221720599407475,
        "std_overlay_allocation": 0.029221720599407475,
        "std_guard_triggered": true,
        "model_type_used": "lightgbm"
      },
      {
        "fold": 2,
        "mse": 0.0001764389560576428,
        "scale": 40.0,
        "scale_cv_sharpe": 0.08154433908329026,
        "sharpe": 0.024207085661053698,
        "total_return": 0.43067285452347814,
        "overlay_sharpe": 0.024207085661053698,
        "overlay_total_return": 0.43067285452347814,
        "overlay_mean_scale": 1.0,
        "overlay_breaches": 0,
        "std_prediction": 0.0007812809192565314,
        "std_allocation": 0.03125123677026126,
        "std_overlay_allocation": 0.03125123677026126,
        "std_guard_triggered": true,
        "model_type_used": "lightgbm"
      },
      {
        "fold": 3,
        "mse": 6.878645264807052e-05,
        "scale": 40.0,
        "scale_cv_sharpe": 0.10933264930477954,
        "sharpe": 0.058062482400007394,
        "total_return": 0.9658765594153758,
        "overlay_sharpe": 0.058062482400007394,
        "overlay_total_return": 0.9658765594153758,
        "overlay_mean_scale": 1.0,
        "overlay_breaches": 0,
        "std_prediction": 0.0013051650709876288,
        "std_allocation": 0.05220660283950516,
        "std_overlay_allocation": 0.05220660283950516,
        "std_guard_triggered": false,
        "model_type_used": "lightgbm"
      },
      {
        "fold": 4,
        "mse": 0.00012912435370539233,
        "scale": 40.0,
        "scale_cv_sharpe": 0.04726833673835213,
        "sharpe": 0.06009405695594113,
        "total_return": 1.5607415180439013,
        "overlay_sharpe": 0.06009405695594113,
        "overlay_total_return": 1.5607415180439013,
        "overlay_mean_scale": 1.0,
        "overlay_breaches": 0,
        "std_prediction": 0.0003053491080094392,
        "std_allocation": 0.01718032869647917,
        "std_overlay_allocation": 0.01718032869647917,
        "std_guard_triggered": true,
        "model_type_used": "lightgbm"
      }
    ],
    "oof_metrics": {
      "mse": 0.00012330218915822757,
      "sharpe": 0.04168826112422965,
      "overlay_sharpe": 0.04168826112422965,
      "overlay_total_return": 20.604609907013632
    },
    "std_deviation": {
      "predictions": 0.000866142943043287,
      "allocations": 0.03464571772173149,
      "overlay_allocations": 0.03464571772173149
    },
    "std_guard": {
      "threshold": 0.15,
      "fallback_model": "baseline",
      "min_scale": 35.0,
      "triggered_folds": 4
    },
    "overlay_config": {
      "lookback": 63,
      "min_periods": 21,
      "volatility_cap": 1.2
    },
    "pipeline_config": {
      "clip_quantile": 0.01,
      "missing_indicator_threshold": 0.05,
      "standardize": true,
      "dtype": "float32",
      "extra_group_stats": true,
      "enable_feature_selection": false,
      "max_features": 300
    },
    "pipeline_config_hash": "ae4ca48fa05431e5b084a41ac8de331816a44195251b79a5da8673a8f3926493",
    "augment_data": false,
    "augmentation_factor": 0.0
  },
  "baseline": {
    "model_type": "baseline",
    "timestamp": "2025-11-09T02:29:14.995727+00:00",
    "n_rows": 899,
    "n_splits": 3,
    "feature_count": 193,
    "preferred_scale": 40.0,
    "fold_metrics": [
      {
        "fold": 0,
        "mse": 0.0001393303835549669,
        "scale": 40.0,
        "scale_cv_sharpe": 0.15517527052140756,
        "sharpe": -0.033658966048254545,
        "total_return": -0.09546274109342112,
        "overlay_sharpe": -0.033658966048254545,
        "overlay_total_return": -0.09546274109342112,
        "overlay_mean_scale": 1.0,
        "overlay_breaches": 0,
        "std_prediction": 0.00204445311905508,
        "std_allocation": 0.08177812476220318,
        "std_overlay_allocation": 0.08177812476220318,
        "std_guard_triggered": true,
        "model_type_used": "baseline"
      },
      {
        "fold": 1,
        "mse": 0.00014771507992641998,
        "scale": 40.0,
        "scale_cv_sharpe": 0.17250361519535662,
        "sharpe": 0.05958927673758276,
        "total_return": 0.1512408702115171,
        "overlay_sharpe": 0.05958927673758276,
        "overlay_total_return": 0.1512408702115171,
        "overlay_mean_scale": 1.0,
        "overlay_breaches": 0,
        "std_prediction": 0.0026313727705220497,
        "std_allocation": 0.105254910820882,
        "std_overlay_allocation": 0.105254910820882,
        "std_guard_triggered": true,
        "model_type_used": "baseline"
      },
      {
        "fold": 2,
        "mse": 0.00012277605711074596,
        "scale": 40.0,
        "scale_cv_sharpe": 0.1516783580019276,
        "sharpe": 0.013776972590771602,
        "total_return": 0.02071851919420542,
        "overlay_sharpe": 0.009943401101618506,
        "overlay_total_return": 0.010995304895087266,
        "overlay_mean_scale": 0.9870929096402018,
        "overlay_breaches": 32,
        "std_prediction": 0.0033085214775329047,
        "std_allocation": 0.13234085910131618,
        "std_overlay_allocation": 0.12984657206200867,
        "std_guard_triggered": true,
        "model_type_used": "baseline"
      }
    ],
    "oof_metrics": {
      "mse": 0.00013660717353071095,
      "sharpe": 0.013662729583077538,
      "overlay_sharpe": 0.012424832077034277,
      "overlay_total_return": 0.052790114752479855
    },
    "std_deviation": {
      "predictions": 0.0027372730248353626,
      "allocations": 0.1094909209934145,
      "overlay_allocations": 0.10944484904133032
    },
    "std_guard": {
      "threshold": 0.01,
      "fallback_model": "baseline",
      "min_scale": 35.0,
      "triggered_folds": 3
    },
    "overlay_config": {
      "lookback": 63,
      "min_periods": 21,
      "volatility_cap": 1.2
    }
  }
}